﻿<process name="First Process" version="1.0" bpversion="6.5.0.12573" narrative="duh..!" byrefcollection="true" preferredid="bc9a8ee5-e068-4bc4-a2b2-e85fa67c9ed5">
  <view>
    <camerax>0</camerax>
    <cameray>-504</cameray>
    <zoom version="2">1.25</zoom>
  </view>
  <preconditions />
  <endpoint narrative="" />
  <stage stageid="7225ead7-1f2e-4abd-a749-662f26c29a1b" name="Start" type="Start">
    <narrative>
    </narrative>
    <displayx>15</displayx>
    <displayy>-180</displayy>
    <displaywidth>60</displaywidth>
    <displayheight>30</displayheight>
    <font family="Segoe UI" size="10" style="Regular" color="000000" />
    <onsuccess>339e8390-3261-4d37-a64c-a9d018d582d3</onsuccess>
  </stage>
  <stage stageid="7f257d6c-8cc6-49d1-9830-5cf458f57160" name="Stage1" type="ProcessInfo">
    <narrative>
    </narrative>
    <displayx>-195</displayx>
    <displayy>-105</displayy>
    <displaywidth>150</displaywidth>
    <displayheight>90</displayheight>
    <font family="Segoe UI" size="10" style="Regular" color="000000" />
  </stage>
  <stage stageid="1aaf7e8d-c06f-4eb5-9fd3-dad792376320" name="Decision1" type="Decision">
    <narrative>
    </narrative>
    <displayx>15</displayx>
    <displayy>255</displayy>
    <displaywidth>60</displaywidth>
    <displayheight>30</displayheight>
    <font family="Segoe UI" size="10" style="Regular" color="000000" />
    <decision expression="[z]&gt;5" />
    <ontrue>f1d46f3c-92a1-46ec-86ef-9baef37435f2</ontrue>
    <onfalse>d1359b9c-59a2-4f2f-afdd-0fdfc69d251a</onfalse>
  </stage>
  <stage stageid="d1359b9c-59a2-4f2f-afdd-0fdfc69d251a" name="End1" type="End">
    <narrative>
    </narrative>
    <displayx>-165</displayx>
    <displayy>255</displayy>
    <displaywidth>60</displaywidth>
    <displayheight>30</displayheight>
    <font family="Segoe UI" size="10" style="Regular" color="000000" />
  </stage>
  <stage stageid="f1d46f3c-92a1-46ec-86ef-9baef37435f2" name="End2" type="End">
    <narrative>
    </narrative>
    <displayx>225</displayx>
    <displayy>255</displayy>
    <displaywidth>60</displaywidth>
    <displayheight>30</displayheight>
    <font family="Segoe UI" size="10" style="Regular" color="000000" />
  </stage>
  <stage stageid="a7ef9504-149d-4ecb-b9b4-adb6569beffb" name="x" type="Data">
    <narrative>
    </narrative>
    <displayx>285</displayx>
    <displayy>-225</displayy>
    <displaywidth>60</displaywidth>
    <displayheight>30</displayheight>
    <font family="Segoe UI" size="10" style="Regular" color="000000" />
    <datatype>number</datatype>
    <initialvalue>1</initialvalue>
    <private />
    <alwaysinit />
  </stage>
  <stage stageid="1bb4f86a-5ed3-493b-bedd-fbda488aec0f" name="y" type="Data">
    <narrative>
    </narrative>
    <displayx>360</displayx>
    <displayy>-225</displayy>
    <displaywidth>60</displaywidth>
    <displayheight>30</displayheight>
    <font family="Segoe UI" size="10" style="Regular" color="000000" />
    <datatype>number</datatype>
    <initialvalue>5</initialvalue>
    <private />
    <alwaysinit />
  </stage>
  <stage stageid="e5437b40-9499-4c77-8151-e96deeabbdd3" name="z" type="Data">
    <narrative>
    </narrative>
    <displayx>465</displayx>
    <displayy>-225</displayy>
    <displaywidth>60</displaywidth>
    <displayheight>30</displayheight>
    <font family="Segoe UI" size="10" style="Regular" color="000000" />
    <datatype>number</datatype>
    <initialvalue />
    <private />
    <alwaysinit />
  </stage>
  <stage stageid="339e8390-3261-4d37-a64c-a9d018d582d3" name="Calc1" type="Calculation">
    <narrative>
    </narrative>
    <displayx>15</displayx>
    <displayy>-45</displayy>
    <displaywidth>60</displaywidth>
    <displayheight>30</displayheight>
    <font family="Segoe UI" size="10" style="Regular" color="000000" />
    <onsuccess>96b3b661-88bf-4d4c-80a2-3aeba062aa7c</onsuccess>
    <calculation expression="[x]+[y]" stage="z" />
  </stage>
  <stage stageid="ffb14842-6fa3-4870-b0fe-976de7bdc769" name="Coll1" type="Collection">
    <narrative>
    </narrative>
    <displayx>150</displayx>
    <displayy>-105</displayy>
    <displaywidth>60</displaywidth>
    <displayheight>30</displayheight>
    <font family="Segoe UI" size="10" style="Regular" color="000000" />
    <datatype>collection</datatype>
    <private />
    <alwaysinit />
    <collectioninfo>
      <field name="Field1" type="number" />
      <field name="Field2" type="text" />
      <field name="Field3" type="password" />
      <field name="Field4" type="flag" />
    </collectioninfo>
    <initialvalue>
      <row>
        <field name="Field1" type="number" value="1" />
        <field name="Field2" type="text" value="&quot;asda&quot;" />
        <field name="Field3" type="password" encvalue="aCpGKl8qTyp6KlgqQypZKkcqBCppKkUqWCpPKgQqeSpPKkkqXypYKk8qBCp5KkMqRypaKkYqTyplKkgqTCpfKlkqSSpLKl4qRSpYKg==:WipdKk4q" />
        <field name="Field4" type="flag" value="True" />
      </row>
      <row>
        <field name="Field1" type="number" value="2" />
        <field name="Field2" type="text" value="&quot;sd&quot;" />
        <field name="Field3" type="password" encvalue="aCpGKl8qTyp6KlgqQypZKkcqBCppKkUqWCpPKgQqeSpPKkkqXypYKk8qBCp5KkMqRypaKkYqTyplKkgqTCpfKlkqSSpLKl4qRSpYKg==:GyoYKhkq" />
        <field name="Field4" type="flag" value="False" />
      </row>
    </initialvalue>
  </stage>
  <stage stageid="04fe46c6-c46d-411d-bf14-4a80e120e907" name="Action1" type="Action">
    <narrative>
    </narrative>
    <displayx>240</displayx>
    <displayy>15</displayy>
    <displaywidth>60</displaywidth>
    <displayheight>30</displayheight>
    <font family="Segoe UI" size="10" style="Regular" color="000000" />
    <resource object="" action="" />
  </stage>
  <stage stageid="96b3b661-88bf-4d4c-80a2-3aeba062aa7c" name="Calc2" type="Calculation">
    <narrative>
    </narrative>
    <displayx>15</displayx>
    <displayy>75</displayy>
    <displaywidth>60</displaywidth>
    <displayheight>30</displayheight>
    <font family="Segoe UI" size="10" style="Regular" color="000000" />
    <onsuccess>1aaf7e8d-c06f-4eb5-9fd3-dad792376320</onsuccess>
    <calculation expression="[Coll1.Field1] + 2" stage="Coll1.Field1" />
  </stage>
  <stage stageid="17d43987-cc2a-413e-bdb9-37a8d35a6063" name="Loop Start1" type="LoopStart">
    <narrative>
    </narrative>
    <displayx>180</displayx>
    <displayy>45</displayy>
    <displaywidth>60</displaywidth>
    <displayheight>30</displayheight>
    <font family="Segoe UI" size="10" style="Regular" color="000000" />
    <groupid>0d4281da-1070-4509-a2d4-c5d2d70ab293</groupid>
    <looptype>ForEach</looptype>
    <loopdata>Coll1</loopdata>
  </stage>
  <stage stageid="00b17051-6b4b-41a5-84ff-4d221404db50" name="Loop End1" type="LoopEnd">
    <narrative>
    </narrative>
    <displayx>180</displayx>
    <displayy>105</displayy>
    <displaywidth>60</displaywidth>
    <displayheight>30</displayheight>
    <font family="Segoe UI" size="10" style="Regular" color="000000" />
    <groupid>0d4281da-1070-4509-a2d4-c5d2d70ab293</groupid>
  </stage>
</process>